{
  "project_info": {
    "project_number": "1046362460896",
    "firebase_url": "https://rentalcars-ea4f6.firebaseio.com",
    "project_id": "rentalcars-ea4f6",
    "storage_bucket": "rentalcars-ea4f6.appspot.com"
  },
  "client": [
    {
      "client_info": {
        "mobilesdk_app_id": "1:1046362460896:android:8b42ffb2dfcad707",
        "android_client_info": {
          "package_name": "edu.txstate.rpb31.rentalcarapp"
        }
      },
      "oauth_client": [
        {
          "client_id": "1046362460896-p8887n67grh4qpado94bivrq1btjj29q.apps.googleusercontent.com",
          "client_type": 1,
          "android_info": {
            "package_name": "edu.txstate.rpb31.rentalcarapp",
            "certificate_hash": "37e1cce0d20a70e0dc8b16b9b622b352fdff01c8"
          }
        },
        {
          "client_id": "1046362460896-bm2cr9cmakn153imcl114lf49q9jh8sn.apps.googleusercontent.com",
          "client_type": 3
        }
      ],
      "api_key": [
        {
          "current_key": "AIzaSyBEsO43KHBNPZ7sRBnyZc72N91O19kB_qc"
        }
      ],
      "services": {
        "appinvite_service": {
          "other_platform_oauth_client": [
            {
              "client_id": "1046362460896-bm2cr9cmakn153imcl114lf49q9jh8sn.apps.googleusercontent.com",
              "client_type": 3
            }
          ]
        }
      }
    }
  ],
  "configuration_version": "1"
}